{
	"mimetic": {
		"name": "Scaphura",
		"genus": "Scaphura"
	},
	"model": [
		{
			"name": "Pepsis",
			"genus": "Pepsis"
		},
		{
			"name": "Entypus",
			"genus": "Entypus"
		},
		{
			"name": "Polistes",
			"genus": "Polistes"
		},
	],
	"area": "South America",
	"note": "Batesian mimicry",
	"source": [
		"Mesa, Alejo; Fontanetti, Carmen Silvia; Ferreira, Amilton (2010). The chromosomes and the sex determining mechanism of Scaphura nigra (Orthoptera, Ensifera, Tettigoniidae, Phaneropterinae). Journal of Orthoptera Research. 19 (2): 239–242."
	]
}
